rank,company,ticker,size_mb_2019_2021
1,apple-inc,AAPL,6.9
2,microsoft-corporation,MSFT,3.7
3,amazoncom-inc,AMZN,3.1
4,meta-platforms-inc,FB,3.8
5,nvidia-corporation,NVDA,65.8
6,intel-corporation,INTC,20.0
7,adobe-systems-inc,ADBE,2.0
8,comcast-corp,CMCSA,9.5
9,qualcomm-incorporated,QCOM,4.5
10,texas-instruments-inc,TXN,3.0
11,advanced-micro-devices-inc,AMD,4.4
12,amgen-inc,AMGN,19.2
13,starbucks-corp,SBUX,16.4
14,intuitive-surgical-inc,ISRG,4.7
15,gilead-sciences,GILD,2.9
16,mondelez-international,MDLZ,15.1
17,applied-materials-inc,AMAT,9.3
18,lam-research-corporation,LRCX,13.3
19,fiserv-inc,FISV,3.4
20,csx-corp,CSX,15.9
21,activision-blizzard-inc,ATVI,20.9
22,autodesk-inc,ADSK,15.2
23,illumina-inc,ILMN,2.7
24,vertex-pharmaceuticals-inc,VRTX,5.8
25,moderna-inc,MRNA,27.0
26,ebay,EBAY,1.8
27,kla-tencor-corporation,KLAC,6.1
28,marriott-international-inc,MAR,4.8
29,idexx-laboratories-inc,IDXX,3.4
30,cognizant-technology-solutions-corp,CTSH,20.4
31,electronic-arts,EA,7.0
32,oreilly-automotive-inc,ORLY,17.6
33,paychex-inc,PAYX,6.4
34,dexcom-inc,DXCM,14.3
35,align-technology-inc,ALGN,3.7
